{
  "epoch": [
    1,
    2,
    3,
    4,
    5,
    6,
    7,
    8,
    9,
    10,
    11,
    12,
    13,
    14,
    15,
    16,
    17,
    18,
    19,
    20,
    21,
    22,
    23,
    24,
    25,
    26,
    27,
    28,
    29,
    30,
    31,
    32,
    33,
    34,
    35,
    36,
    37,
    38,
    39,
    40,
    41,
    42,
    43,
    44,
    45,
    46,
    47,
    48,
    49,
    50,
    51,
    52,
    53,
    54,
    55,
    56,
    57,
    58,
    59,
    60,
    61,
    62,
    63,
    64,
    65,
    66,
    67,
    68,
    69,
    70,
    71,
    72,
    73,
    74,
    75,
    76,
    77,
    78,
    79,
    80,
    81,
    82,
    83,
    84,
    85,
    86,
    87,
    88,
    89,
    90,
    91,
    92,
    93,
    94,
    95,
    96,
    97,
    98,
    99,
    100
  ],
  "train_loss": [
    0.14145742559974844,
    0.04464483633637428,
    0.03169075314971534,
    0.02609316970814358,
    0.024039373140443455,
    0.021114813163876534,
    0.017987041734158993,
    0.015381473709236492,
    0.013195765543390404,
    0.01148579286580736,
    0.010662227276373993,
    0.010964909568428993,
    0.010708197443322702,
    0.010531365363435312,
    0.01057986601848494,
    0.010229122401638464,
    0.010252657092430374,
    0.010141211561858654,
    0.010135391727089882,
    0.010157049379565498,
    0.009859834205020557,
    0.010161910883404991,
    0.009979974986477331,
    0.00985557526688684,
    0.009714365005493164,
    0.00968305343254046,
    0.009836556813256308,
    0.009752822447229515,
    0.009690268557857384,
    0.009716594930399548,
    0.009925763969394293,
    0.009729941714216362,
    0.009731419807807966,
    0.009588733146136457,
    0.009492430073971098,
    0.00928151827644218,
    0.00946802231059833,
    0.009233381260525097,
    0.009294461543587122,
    0.009553344835611906,
    0.009370720267973164,
    0.009457428346980701,
    0.009273249994624744,
    0.009430876425044104,
    0.009260451167144558,
    0.00930717308074236,
    0.009702358564192598,
    0.0092085822570053,
    0.009257968345826323,
    0.009204639545218512,
    0.00898886573585597,
    0.009193333543159744,
    0.009182798337530006,
    0.009397180073640564,
    0.009159804067828438,
    0.009166124192151156,
    0.008949994532899424,
    0.009171254086223516,
    0.009017501957714558,
    0.008885799991813574,
    0.00896285745230588,
    0.009046573699875311,
    0.009093499996445396,
    0.00907730150290511,
    0.008910861882296476,
    0.00887415845963088,
    0.008902862244708971,
    0.008847458796067671,
    0.009174199351532892,
    0.008859832093796947,
    0.008986709639430046,
    0.009080546400086447,
    0.008885473647916859,
    0.008971411565488035,
    0.008837376805869017,
    0.00875647518445145,
    0.008692970880391922,
    0.008823637681251223,
    0.008976726538755676,
    0.008892986203797838,
    0.008885651107200167,
    0.008817690932615236,
    0.00888803338801319,
    0.008815911683169279,
    0.008949624120511791,
    0.008884583515199747,
    0.008858747272328897,
    0.008829558945514938,
    0.008978153070942923,
    0.008672882718118754,
    0.008792043409564278,
    0.008729893756522373,
    0.008888933553614399,
    0.008925862187011675,
    0.00891843226484277,
    0.00879715433852239,
    0.008815879594873299,
    0.009041394191709433,
    0.008990677031265064,
    0.008868957277048718
  ],
  "recon_loss": [
    0.09925952994010666,
    0.03532602028413252,
    0.028392326764085075,
    0.024527357044545086,
    0.02304257909682664,
    0.020502425730228424,
    0.017624374987049538,
    0.015237436629831791,
    0.013170830143446272,
    0.011475721204822714,
    0.010657140138474379,
    0.010961709036068483,
    0.01070658066733317,
    0.010530137880281969,
    0.010578499175608158,
    0.010227732529694384,
    0.010251434689218348,
    0.01014011183922941,
    0.010134387168694626,
    0.010156094350598076,
    0.00985890415243127,
    0.01016085764223879,
    0.00997856335545128,
    0.00985436395488002,
    0.009713529778475111,
    0.00968167558312416,
    0.009835554879497398,
    0.00975182339210402,
    0.009689268232746557,
    0.009715548039159992,
    0.009924692440439354,
    0.009729204953394154,
    0.009730640883472834,
    0.00958719468590888,
    0.009491417049006983,
    0.009280711751092564,
    0.009466631507331675,
    0.00923277988013896,
    0.009293037043376402,
    0.009552695619111711,
    0.009370182810181921,
    0.009456610476428812,
    0.009272170507095077,
    0.009430131112987345,
    0.00925985537469387,
    0.009306340817023407,
    0.009701317599551245,
    0.00920728746462952,
    0.00925721786916256,
    0.009203990582715382,
    0.008988156406716867,
    0.009192668748172846,
    0.00918202991174026,
    0.009396345185285265,
    0.009159095670011911,
    0.009165291251106695,
    0.008949057876386425,
    0.009170228700068865,
    0.009016623805192385,
    0.008885289711708372,
    0.008961957117373293,
    0.009045881473205307,
    0.009092368100854483,
    0.009076408872550184,
    0.008909944910556078,
    0.00887306999753822,
    0.008902152407575737,
    0.008846706118096005,
    0.009173496626317501,
    0.008859177882021124,
    0.008985868655145168,
    0.009079506959427486,
    0.008884510194713419,
    0.008970549330115318,
    0.008836770684204319,
    0.008755380795760588,
    0.008692392232743177,
    0.008822658861225302,
    0.008976154114035044,
    0.008892301258377054,
    0.008884908885441044,
    0.008816933598030697,
    0.008887166580693289,
    0.008815065110948954,
    0.008948800238696012,
    0.008883639238774776,
    0.008858335289088163,
    0.008828712965954433,
    0.008977520448917692,
    0.008672024800696156,
    0.008791162293743004,
    0.008729163726622408,
    0.008888449011878534,
    0.008925333534452047,
    0.008917760527269407,
    0.008796716786243698,
    0.008815011305903847,
    0.009040598969229242,
    0.008990236558020115,
    0.008868339302187616
  ],